step,energy,avg_error,long_links,self_aware,total_activity,total_weights,generation,perception_conflict
0,299.5128360127401,0.0,0,0,440,1687.1639872598987,1,0.0
1,344.942792659334,0.02310394372888361,0,0,432,1694.5955230494806,1,1.0
2,387.30343792234834,0.029336089535483962,0,0,436,1706.3960243099993,1,1.0
3,428.65202883679194,0.03127825862708574,0,0,437,1722.4287213414837,1,1.0
4,466.03735499572696,0.030205411129776455,0,0,437,1742.687422224055,1,1.0
5,505.24520585526545,0.03451951274069844,0,0,437,1766.5554124273153,1,1.0
6,546.434646404072,0.036787627335193154,0,0,438,1794.101023741954,1,1.0
7,586.641515628257,0.03730358778633616,0,0,438,1824.897309560541,1,1.0
8,631.79518379843,0.03812648432800647,0,0,438,1858.8209416511268,1,1.0
9,673.8880011928877,0.037291458073816466,2,0,438,1895.7040395880606,1,1.0
10,710.9669682610951,0.03615026364908407,2,0,438,1935.2608087441045,1,1.0
11,750.0289977837608,0.034790755905239654,2,0,438,1977.1261241537807,1,1.0
12,788.9815220744806,0.03463686831894305,2,0,438,2020.7885191118226,1,1.0
13,831.8708926891142,0.034754382853448014,2,0,438,2066.2242686901554,1,1.0
14,868.7016311695363,0.03500799844321894,2,0,438,2113.27919701786,1,1.0
15,905.4426360131442,0.035742630852342486,2,0,438,2161.39205604594,1,1.0
16,939.2019281028445,0.03560780443846743,2,0,438,2210.741158253439,1,1.0
17,976.7614401737774,0.03712512519484256,2,0,438,2260.955706572803,1,1.0
18,1015.4861643886601,0.03624217464483577,2,0,438,2311.97452513497,1,1.0
19,1050.0779034494476,0.035264598485284,4,0,438,2363.5963137693734,1,1.0
20,1087.4513453274124,0.035939483460206,4,0,438,2415.6599084591644,1,1.0
21,1124.835317163051,0.03598830423002246,4,0,438,2468.1262258180423,1,1.0
22,1168.107444695208,0.03653994661775637,4,0,438,2520.9570527458186,1,1.0
23,1205.3491212407841,0.03686042122146543,4,0,438,2573.967353569569,1,1.0
24,1240.5013530633855,0.03744417629219117,4,0,438,2626.9742174213884,1,1.0
25,1275.6127507227166,0.03789120902216718,4,0,438,2680.0462641087815,1,1.0
26,1312.6868300158765,0.038188153491506296,4,0,438,2733.173938197351,1,1.0
27,1350.6533147829061,0.038848575912559795,4,0,438,2786.327044718831,1,1.0
28,1390.6742219936514,0.038732455377635436,4,0,438,2839.4842738701614,1,1.0
29,1424.6154964090251,0.03879784248969989,4,0,438,2892.6137189083574,1,1.0
30,1459.5882532724922,0.03832089463149808,4,0,438,2945.705637811764,1,1.0
31,1498.3185962418165,0.039042457134114805,4,0,438,2998.7542501994003,1,1.0
32,1540.0807107983112,0.03921308361427722,4,0,438,3051.7602495529427,1,1.0
33,1573.8257249746027,0.03916633484700177,4,0,438,3104.7290972216992,1,1.0
34,1613.444071394794,0.0395391581965812,4,0,438,3157.6670551485886,1,1.0
35,1647.118758203637,0.03929065218200905,4,0,438,3210.5739861449797,1,1.0
36,1684.724465977186,0.03914208733381119,4,0,438,3263.428782670734,1,1.0
37,1724.1412054747627,0.03971047945838111,4,0,438,3316.2309108358645,1,1.0
38,1757.5944060278994,0.039797388890327794,4,0,438,3368.980423495167,1,1.0
39,1795.0713432350278,0.03950175393191428,4,0,438,3421.67737345077,1,1.0
40,1827.4752617492245,0.03931917284956672,4,0,438,3474.321813452188,1,1.0
41,1860.8156308973578,0.03919742897476527,4,0,438,3526.9137961963684,1,1.0
42,1898.1673760363929,0.038787240481535715,4,0,438,3579.4533743277516,1,1.0
43,1932.45903996838,0.03842977281649541,4,0,438,3631.940600438321,1,1.0
44,1965.6776091009426,0.038179783918758016,4,0,438,3684.3755270676547,1,1.0
45,1994.8237898105176,0.03802688819523288,4,0,438,3736.7582067029784,1,1.0
46,2020.886590931281,0.03801183389365768,4,0,438,3789.0886917792186,1,1.0
47,2057.8708309462954,0.038105228968068006,4,0,438,3841.3670346790573,1,1.0
48,2086.806650438115,0.03818012001828175,4,0,438,3893.5932877329765,1,1.0
49,2115.6479934716904,0.03842065632489087,4,0,438,3945.7675032193188,1,1.0
50,2148.519840176517,0.03832907784088792,4,0,438,3997.8897333643404,1,1.0
51,2184.2594348872567,0.038547333227823895,4,0,438,4049.960030342255,1,1.0
52,2217.046328226404,0.03838540027346345,4,0,438,4101.978446275292,1,1.0
53,2245.793227546609,0.03818572645863233,4,0,438,4153.94503323375,1,1.0
54,2276.4724634385466,0.03805039511842607,4,0,438,4205.859843236044,1,1.0
55,2306.0756022317305,0.038005860450878164,4,0,438,4257.7229282487615,1,1.0
56,2338.60487155261,0.03803913598914891,4,0,438,4309.534340186711,1,1.0
57,2371.0816041327284,0.03807387658301097,4,0,438,4361.294130912979,1,1.0
58,2404.5342705101275,0.038015329759202,4,0,438,4413.002352238978,1,1.0
59,2436.9879509657553,0.037783872649408544,4,0,438,4464.659055924496,1,1.0
60,2464.3271672112573,0.03776443894459423,4,0,438,4516.2642936777565,1,1.0
61,2495.6784292979,0.03754217210957002,4,0,438,4567.818117155464,1,1.0
62,2529.9580358409985,0.03739063478109001,4,0,438,4619.320577962854,1,1.0
63,2556.0917083189606,0.03753713637063692,4,0,438,4670.771727653751,1,1.0
64,2591.16345223613,0.03771057739927835,4,0,438,4722.171617730617,1,1.0
65,2628.21160269637,0.03779519404315379,4,0,438,4773.5202996446,1,1.0
66,2656.1716757293602,0.03798590746577466,4,0,438,4824.81782479559,1,1.0
67,2687.1563932645363,0.03795010473693688,4,0,438,4876.06424453227,1,1.0
68,2715.1740715288056,0.03767330751796671,4,0,438,4927.259610152165,1,1.0
69,2743.10979993078,0.03749191730492196,4,0,438,4978.403972901694,1,1.0
70,2777.01463771385,0.03725929280051856,4,0,438,5029.497383976222,1,1.0
71,2807.7549882534386,0.03734544328116831,4,0,438,5080.539894520114,1,1.0
72,2842.560434546529,0.0371138194940257,4,0,438,5131.531555626779,1,1.0
73,2877.295245501086,0.036941375612345506,4,0,438,5182.47241833873,1,1.0
74,2909.9011198192125,0.03697968600796604,4,0,438,5233.362533647624,1,1.0
75,2945.425881432473,0.037096157140338135,4,0,438,5284.201952494328,1,1.0
76,2975.9596683024497,0.03705552400967064,4,0,438,5334.990725768954,1,1.0
77,3010.4773238338603,0.036927970979335464,4,0,438,5385.728904310924,1,1.0
78,3036.8959804571427,0.03692485958451025,4,0,438,5436.416538909009,1,1.0
79,3066.1836446823277,0.03712084161791791,4,0,438,5487.053680301388,1,1.0
80,3101.5326362529754,0.03703841731677345,4,0,438,5537.640379175696,1,1.0
81,3131.8536540171026,0.03690333730271225,4,0,438,5588.176686169073,1,1.0
82,3161.1670135846452,0.036669071857016886,4,0,438,5638.662651868222,1,1.0
83,3188.3703800526528,0.03658104619869873,4,0,438,5689.098326809444,1,1.0
84,3219.4031755811952,0.03677478990217728,4,0,438,5739.483761478709,1,1.0
85,3248.400543010712,0.036929984472638906,4,0,438,5789.819006311691,1,1.0
86,3278.3745593546037,0.037020336880387576,4,0,438,5840.104111693823,1,1.0
87,3307.2971885167653,0.03711153767849252,4,0,438,5890.339127960352,1,1.0
88,3340.1879788500546,0.037159471315572117,4,0,438,5940.524105396382,1,1.0
89,3368.9888918365555,0.03729390814451543,4,0,438,5990.659094236931,1,1.0
90,3397.8358899279347,0.037216002615423294,4,0,438,6040.744144666974,1,1.0
91,3424.5918268008154,0.03722818023211772,4,0,438,6090.779306821502,1,1.0
92,3449.3390444910715,0.0371520877730152,4,0,438,6140.764630785564,1,1.0
93,3477.0966705757123,0.03695033557145591,4,0,438,6190.7001665943235,1,1.0
94,3507.787883664989,0.036787245687501594,4,0,438,6240.585964233103,1,1.0
95,3537.433392068479,0.036619222493206705,4,0,438,6290.422073637439,1,1.0
96,3561.94413894934,0.036628275919585424,4,0,438,6340.20854469313,1,1.0
97,3585.491940523952,0.03646135618804535,4,0,438,6389.945427236282,1,1.0
98,3613.9606200716735,0.03635696030755365,4,0,438,6439.632771053371,1,1.0
99,3633.4159014424454,0.0381678703898161,4,0,438,6489.270625881275,1,1.0
100,3655.6051218600687,0.03878772794907141,4,0,438,6538.8590414073415,1,1.0
101,3680.852862525339,0.03873037960851685,4,0,438,6588.398067269423,1,1.0
102,3706.1121148538864,0.038595883147863316,4,0,438,6637.887753055937,1,1.0
103,3730.322466693094,0.03850763065303735,4,0,438,6687.328148305906,1,1.0
104,3754.5073102637557,0.038483998824336105,4,0,438,6736.71930250902,1,1.0
105,3779.635537470835,0.03817311045401723,4,0,438,6786.061265105672,1,1.0
106,3808.6965391560525,0.03795494933485804,4,0,438,6835.354085487014,1,1.0
107,3835.6869470369516,0.037874074900885166,4,0,438,6884.597812995013,1,1.0
108,3860.527590492045,0.037955072672245765,4,0,438,6933.792496922486,1,1.0
109,3882.4698759437133,0.03788553458807178,4,0,438,6982.9381865131645,1,1.0
110,3907.352403885166,0.037887630498120196,4,0,438,7032.034930961727,1,1.0
111,3931.0053348532,0.03829746772076167,4,0,438,7081.082779413867,1,1.0
112,3952.803640824576,0.03819140845623288,4,0,438,7130.081780966329,1,1.0
113,3976.5072973937204,0.038141016591496185,4,0,438,7179.031984666958,1,1.0
114,4001.217670610243,0.037957618002201966,4,0,438,7227.933439514758,1,1.0
115,4021.8851378613213,0.03768013660432434,4,0,438,7276.786194459935,1,1.0
116,4051.387010993166,0.03776815690233875,4,0,438,7325.590298403939,1,1.0
117,4075.8892246144324,0.0374639951689361,4,0,438,7374.345800199528,1,1.0
118,4102.398435564971,0.03747444579411481,4,0,438,7423.052748650806,1,1.0
119,4125.860321912315,0.03751878114025586,4,0,438,7471.711192513271,1,1.0
120,4144.202724790003,0.03737666530199371,4,0,438,7520.321180493879,1,1.0
121,4167.5709480369815,0.03721108018353979,4,0,438,7568.882761251067,1,1.0
122,4189.911315882207,0.03688773243405171,4,0,438,7617.3959833948265,1,1.0
123,4213.179777523173,0.03665558274193377,4,0,438,7665.860895486734,1,1.0
124,4234.3984590252585,0.03635392509835247,4,0,438,7714.277546040018,1,1.0
125,4258.557305324183,0.03609896131008668,4,0,438,7762.6459835195865,1,1.0
126,4272.688689369951,0.035833801920691376,4,0,438,7810.966256342091,1,1.0
127,4293.7290189626,0.035545975757857666,4,0,438,7859.238412875969,1,1.0
128,4310.715361056678,0.035482166706986576,4,0,438,7907.462501441491,1,1.0
129,4330.622604412881,0.03542728194560953,4,0,438,7955.638570310819,1,1.0
130,4349.528280501564,0.03544649723634629,4,0,438,8003.766667708036,1,1.0
131,4368.428582622058,0.035006927611814495,4,0,438,8051.846841809214,1,1.0
132,4386.2470042938085,0.03480202509052921,4,0,438,8099.87914074245,1,1.0
133,4405.047450449964,0.03460809818618277,4,0,438,8147.8636125879175,1,1.0
134,4421.8236703029215,0.034221028358670885,4,0,438,8195.800305377914,1,1.0
135,4439.513564688419,0.03412660987751901,4,0,438,8243.689267096914,1,1.0
136,4460.12099430763,0.034068972602056276,4,0,438,8291.53054568161,1,1.0
137,4474.687196285342,0.03372879276203418,4,0,438,8339.324189020963,1,1.0
138,4494.292402621694,0.03339254714509138,4,0,438,8387.07024495625,1,1.0
139,4512.830791332695,0.033245576583844985,4,0,438,8434.768761281119,1,1.0
140,4528.336845424191,0.03302776865559212,4,0,438,8482.419785741618,1,1.0
141,4545.619794260442,0.03313665552349477,4,0,438,8530.023366036272,1,1.0
142,4560.914553722742,0.03325442283664292,4,0,438,8577.5795498161,1,1.0
143,4576.210983072785,0.03325925504562393,4,0,438,8625.088384684685,1,1.0
144,4592.5055783553025,0.03313217852742367,4,0,438,8672.549918198209,1,1.0
145,4609.723706683302,0.033023384912746215,4,0,438,8719.964197865507,1,1.0
146,4627.88869481078,0.032864076867286325,4,0,438,8767.331271148114,1,1.0
147,4641.955303947885,0.03275433195991413,4,0,438,8814.651185460307,1,1.0
148,4664.037127089757,0.03252797544220551,4,0,438,8861.923988169163,1,1.0
149,4685.074575642607,0.032211526189586115,4,0,438,8909.149726594593,1,1.0
150,4700.07785068124,0.0320335168745248,4,0,438,8956.328448009403,1,1.0
151,4716.991902596789,0.03177948875617182,4,0,438,9003.460199639327,1,1.0
152,4736.767164676485,0.03190431371934201,4,0,438,9050.54502866309,1,1.0
153,4756.534454865641,0.031975582993105225,4,0,438,9097.582982212441,1,1.0
154,4776.340104416003,0.031846295614531964,4,0,438,9144.574107372211,1,1.0
155,4792.073513916763,0.031719005663654924,4,0,438,9191.518451180355,1,1.0
156,4806.774617382907,0.03151917851530117,4,0,438,9238.416060627995,1,1.0
157,4823.406960887191,0.03136138290120079,4,0,438,9285.266982659477,1,1.0
158,4838.980557436524,0.03128149557454683,4,0,438,9332.07126417241,1,1.0
159,4855.580556803195,0.03112187833347741,4,0,439,9378.808952017713,1,1.0
160,4870.066576678609,0.030970893880171893,4,0,439,9425.499952999671,1,1.0
161,4886.541715709405,0.030875207674738694,4,0,439,9472.14431385597,1,1.0
162,4902.852113151259,0.0309733426743652,4,0,439,9518.769383386736,1,1.0
163,4914.109511223896,0.030896565164426203,4,0,439,9565.363720665524,1,1.0
164,4924.3863663546545,0.030668580962352265,4,0,439,9611.928441131644,1,1.0
165,4944.651240820879,0.030427188007921536,4,0,439,9658.45053314479,1,1.0
166,4954.868077871038,0.03011619371874651,4,0,439,9704.942393033853,1,1.0
167,4973.030439371401,0.029971365405401663,4,0,439,9751.387892438837,1,1.0
168,4989.087506016205,0.03011020195456666,4,0,439,9797.787077851604,1,1.0
169,5004.1045162312985,0.030175394715668213,4,0,439,9844.154001074037,1,1.0
170,5022.182060305062,0.030068696832375345,4,0,439,9890.485176489146,1,1.0
171,5036.157424606033,0.029847907295094643,4,0,439,9936.785698427057,1,1.0
172,5054.093779451749,0.02984290311277564,4,0,439,9983.054838340679,1,1.0
173,5068.924344715307,0.02991710884716512,4,0,439,10029.283149680243,1,1.0
174,5074.737546351901,0.02977959898896048,4,0,439,10075.465425140033,1,1.0
175,5090.564262955247,0.029463369538799848,4,0,439,10121.601710948364,1,1.0
176,5106.3657308471875,0.02922440149813056,4,0,439,10167.69205328751,1,1.0
177,5122.121985895793,0.02905244054525686,4,0,439,10213.736498293758,1,1.0
178,5137.812275583734,0.028824319589546375,4,0,439,10259.737881055471,1,1.0
179,5151.361218299049,0.028625911126124063,4,0,439,10305.71066962105,1,1.0
180,5168.891320115215,0.028595463867319006,4,0,439,10351.637698989898,1,1.0
181,5182.3446900723675,0.028671024790622286,4,0,439,10397.519015134807,1,1.0
182,5194.723370508611,0.028888820131787854,4,0,439,10443.354663982802,1,1.0
183,5207.184083004705,0.02873508228411452,4,0,439,10489.144691415206,1,1.0
184,5226.561917882818,0.028417246278271295,4,0,439,10534.88914326766,1,1.0
185,5238.900593228132,0.02811571222494788,4,0,439,10580.588065330196,1,1.0
186,5256.221081290117,0.0278130344071985,4,0,439,10626.241503347268,1,1.0
187,5270.368722076142,0.027760047881815436,4,0,439,10671.849503017793,1,1.0
188,5285.568331677732,0.02755035055871166,4,0,439,10717.41210999521,1,1.0
189,5300.695888604919,0.02731447991798111,4,0,439,10762.929369887523,1,1.0
190,5316.771631147233,0.027281961759326765,4,0,439,10808.401328257334,1,1.0
191,5332.764839307398,0.02724179202528318,4,0,439,10853.828030621906,1,1.0
192,5348.777577230973,0.02715476424822386,4,0,439,10899.209522453193,1,1.0
193,5360.791897846518,0.027093998764006345,4,0,439,10944.545849177905,1,1.0
194,5375.751406925183,0.027019468590888475,4,0,439,10989.837056177526,1,1.0
195,5392.650359444919,0.02698324845767781,4,0,439,11035.083188788387,1,1.0
196,5405.538926254595,0.026709681579611382,4,0,439,11080.284292301692,1,1.0
197,5422.334207159492,0.026703591408502474,4,0,439,11125.440411963578,1,1.0
198,5435.07153238621,0.026664414574042845,4,0,439,11170.551592975145,1,1.0
199,5449.652174202335,0.02691558610086187,4,0,439,11215.617880492515,1,1.0
200,5462.220776178694,0.02667449014200284,4,0,439,11260.63931962687,1,1.0
201,5478.891346044064,0.026356664456896307,4,0,439,11305.615955444491,1,1.0
202,5494.452598852161,0.026288116557604244,4,0,439,11350.547832966824,1,1.0
203,5506.943931442956,0.02626998664094146,4,0,439,11395.434997170501,1,1.0
204,5524.345336039542,0.02638885449270807,4,0,439,11440.2774929874,1,1.0
205,5538.715786249229,0.026465902365369547,4,0,439,11485.075365304689,1,1.0
206,5554.096684401821,0.02639720199930416,4,0,439,11529.828658964858,1,1.0
207,5566.505036810986,0.026142434183356725,4,0,439,11574.537418765784,1,1.0
208,5579.830885618694,0.02576321340128048,4,0,439,11619.201689460759,1,1.0
209,5592.765615158697,0.02577622083381212,10,0,439,11663.821515758542,1,1.0
210,5605.511137848578,0.026055707176374118,10,0,439,11708.396942323403,1,1.0
211,5620.308039619543,0.025785815664376974,10,0,439,11752.92801377517,1,1.0
212,5634.1580629904565,0.0257081063972687,10,0,439,11797.41477468927,1,1.0
213,5647.931235125827,0.025604405498949507,10,0,439,11841.857269596774,1,1.0
214,5658.646628689969,0.02563703245031744,10,0,439,11886.255542984445,1,1.0
215,5672.3052008316545,0.025706506209631313,10,0,439,11930.60963929477,1,1.0
216,5684.971698219151,0.025440061336656206,10,0,439,11974.91960292603,1,1.0
217,5698.540028657312,0.025378165473185575,10,0,439,12019.185478232319,1,1.0
218,5708.074684852902,0.025406594450130653,10,0,439,12063.407309523602,1,1.0
219,5721.421890527223,0.025523425685701796,12,0,439,12107.585141065752,1,1.0
220,5725.756596223274,0.025436611492949006,12,0,439,12151.7190170806,1,1.0
221,5742.104624387497,0.02538330115327397,12,0,439,12195.808981745982,1,1.0
222,5750.4157181138,0.02535718607587658,12,0,439,12239.85507919577,1,1.0
223,5764.670461002378,0.02530884850589109,12,0,439,12283.857353519928,1,1.0
224,5774.824892717004,0.02536980743208421,12,0,439,12327.81584876456,1,1.0
225,5787.0088670039995,0.025261831185806608,12,0,439,12371.730608931928,1,1.0
226,5793.055135101826,0.02538228998320956,12,0,439,12415.60167798054,1,1.0
227,5803.149899585785,0.025234133075903026,12,0,439,12459.429099825149,1,1.0
228,5812.1713549586175,0.02513278565433892,12,0,439,12503.212918336827,1,1.0
229,5823.200304211903,0.024868323239911373,12,0,439,12546.953177342992,1,1.0
230,5831.066161543472,0.02493407743051368,12,0,439,12590.649920627468,1,1.0
231,5837.821656560333,0.025217395534350064,12,0,439,12634.30319193051,1,1.0
232,5854.626055218615,0.025249050083347463,12,0,439,12677.913034948859,1,1.0
233,5864.355080386066,0.025403481057652843,12,0,439,12721.479493335795,1,1.0
234,5875.981042647857,0.025723247296347077,12,0,439,12765.002610701154,1,1.0
235,5890.63638066092,0.02582148029299626,12,0,439,12808.482430611397,1,1.0
236,5899.330479316469,0.025688229462383548,12,0,439,12851.91899658964,1,1.0
237,5909.894189165441,0.02574126148144013,12,0,439,12895.312352115703,1,1.0
238,5920.40080207857,0.02599395081745861,12,0,439,12938.662540626152,1,1.0
239,5932.936950305958,0.026063629186860067,12,0,439,12981.969605514343,1,1.0
240,5942.398029711387,0.02622666264603341,12,0,439,13025.233590130465,1,1.0
241,5949.786544984254,0.02610009515818097,12,0,439,13068.454537781583,1,1.0
242,5958.160035762118,0.02603506003345216,12,0,439,13111.63249173168,1,1.0
243,5969.53043877799,0.025988250429912443,12,0,439,13154.767495201704,1,1.0
244,5980.849365845877,0.02604898418620521,12,0,439,13197.859591369612,1,1.0
245,5993.111867041518,0.02607826928732392,12,0,439,13240.908823370404,1,1.0
246,6002.314392283472,0.026130041417872975,12,0,439,13283.915234296179,1,1.0
247,6012.501109104849,0.026026483348317746,12,0,439,13326.878867196165,1,1.0
248,6024.610586851297,0.02611525133619201,12,0,439,13369.799765076776,1,1.0
249,6035.484913529418,0.026393384551117612,14,0,439,13412.677970901641,1,1.0
250,6046.3176692973775,0.026693570906179968,14,0,439,13455.513527591665,1,1.0
251,6058.1325227472735,0.026861512788940143,14,0,439,13498.306478025048,1,1.0
252,6067.8836147768925,0.026889877722975495,14,0,439,13541.056865037348,1,1.0
253,6075.715545901661,0.02674959053045313,14,0,439,13583.76473142152,1,1.0
254,6087.537922893699,0.02671261457769511,14,0,439,13626.43011992794,1,1.0
255,6099.311950389895,0.026636870529893036,14,0,439,13669.053073264484,1,1.0
256,6108.984208354564,0.026707733518457077,14,0,439,13711.633634096539,1,1.0
257,6120.6167655888175,0.026729716367977968,14,0,439,13754.171845047056,1,1.0
258,6132.263796044858,0.026614924978993818,14,0,439,13796.667748696598,1,1.0
259,6139.777611832726,0.026864770706724998,14,0,439,13839.121387583373,1,1.0
260,6146.300911215799,0.026878207616167805,14,0,439,13881.53280420329,1,1.0
261,6158.854299402345,0.026818827776766523,14,0,439,13923.90204100998,1,1.0
262,6168.342997452629,0.02656990574997244,14,0,439,13966.229140414867,1,1.0
263,6172.74281002097,0.02640056878950119,14,0,439,14008.514144787185,1,1.0
264,6180.090218629496,0.02638213728214342,14,0,439,14050.757096454032,1,1.0
265,6193.4208644382925,0.026381889954976954,14,0,439,14092.958037700413,1,1.0
266,6200.6820796408565,0.026432609417849154,14,0,439,14135.117010769283,1,1.0
267,6210.977066650197,0.02631658895360264,14,0,439,14177.23405786158,1,1.0
268,6217.204170787864,0.02613538835888353,14,0,439,14219.309221136275,1,1.0
269,6226.374789330246,0.025994973985254122,14,0,439,14261.34254271042,1,1.0
270,6235.500143090323,0.02607294082485486,14,0,439,14303.334064659175,1,1.0
271,6242.591194774172,0.026025040793161373,14,0,439,14345.283829015863,1,1.0
272,6249.639040453779,0.025994268270469804,14,0,439,14387.191877772006,1,1.0
273,6259.689889744244,0.02575601872024498,14,0,439,14429.058252877365,1,1.0
274,6274.612382308774,0.025746787664037384,14,0,439,14470.882996239998,1,1.0
275,6285.458826161447,0.02592395280740166,14,0,439,14512.666149726267,1,1.0
276,6293.293163785928,0.02608361203537042,14,0,439,14554.407755160926,1,1.0
277,6306.109289926137,0.026198214502750353,14,0,439,14596.107854327123,1,1.0
278,6316.921580802585,0.02619817983615953,14,0,439,14637.766488966467,1,1.0
279,6325.643807814306,0.02610545498118273,14,0,439,14679.383700779052,1,1.0
280,6333.398122735043,0.02592013011776152,14,0,439,14720.959531423516,1,1.0
281,6344.101949309505,0.025691436073114807,14,0,439,14762.494022517074,1,1.0
282,6350.793562629667,0.025347348238277605,14,0,439,14803.987215635549,1,1.0
283,6362.253243112844,0.0256343627106784,14,0,439,14845.43915231344,1,1.0
284,6368.7194586514015,0.025752727466378033,14,0,439,14886.849874043935,1,1.0
285,6377.2728576331565,0.02562905795694292,14,0,439,14928.219422278971,1,1.0
286,6385.761641764834,0.025606099798696852,14,0,439,14969.547838429275,1,1.0
287,6394.176400224514,0.02539580880341189,14,0,439,15010.835163864389,1,1.0
288,6403.521134893878,0.025435895042092035,14,0,439,15052.081439912728,1,1.0
289,6408.845560962446,0.025381844932236133,14,0,439,15093.286707861624,1,1.0
290,6414.073855176654,0.02542395875549402,14,0,439,15134.45100895735,1,1.0
291,6426.263357360659,0.02538785977004868,14,0,439,15175.57438440517,1,1.0
292,6432.428445288929,0.025447425567336545,14,0,439,15216.656875369394,1,1.0
293,6437.50730566833,0.025689968349822706,14,0,439,15257.698522973391,1,1.0
294,6446.604427025121,0.025796228409291952,14,0,439,15298.699368299653,1,1.0
295,6453.747381995475,0.025699960536626598,14,0,439,15339.659452389826,1,1.0
296,6460.807367034932,0.025756005205829106,14,0,439,15380.578816244757,1,1.0
297,6467.742530048328,0.02588303110229628,14,0,439,15421.45750082453,1,1.0
298,6477.673636693699,0.02591176814048495,14,0,439,15462.295547048512,1,1.0
299,6488.474971278224,0.023872912392214975,14,0,440,15503.092995795383,1,1.0
