step,region_0,region_1,region_2,region_3,region_4,region_5,region_6,region_7
0,84.375,92.1875,82.8125,87.5,93.75,84.375,89.0625,90.625
1,76.5625,87.5,79.6875,89.0625,90.625,85.9375,87.5,90.625
2,79.6875,87.5,79.6875,87.5,90.625,85.9375,89.0625,92.1875
3,79.6875,89.0625,79.6875,87.5,90.625,85.9375,89.0625,92.1875
4,79.6875,89.0625,79.6875,87.5,92.1875,85.9375,89.0625,92.1875
5,79.6875,89.0625,79.6875,89.0625,92.1875,85.9375,89.0625,92.1875
6,79.6875,89.0625,79.6875,89.0625,92.1875,85.9375,89.0625,92.1875
7,79.6875,89.0625,79.6875,89.0625,92.1875,85.9375,89.0625,92.1875
8,79.6875,89.0625,79.6875,89.0625,92.1875,85.9375,89.0625,92.1875
9,79.6875,89.0625,79.6875,87.5,92.1875,85.9375,89.0625,92.1875
10,79.6875,89.0625,79.6875,87.5,92.1875,85.9375,89.0625,92.1875
11,79.6875,89.0625,79.6875,87.5,92.1875,85.9375,89.0625,92.1875
12,79.6875,89.0625,79.6875,87.5,92.1875,85.9375,89.0625,92.1875
13,79.6875,89.0625,79.6875,87.5,92.1875,85.9375,89.0625,92.1875
14,79.6875,89.0625,79.6875,87.5,92.1875,85.9375,89.0625,92.1875
15,79.6875,89.0625,79.6875,87.5,92.1875,85.9375,89.0625,92.1875
16,79.6875,89.0625,79.6875,87.5,92.1875,85.9375,89.0625,92.1875
17,79.6875,89.0625,79.6875,87.5,92.1875,85.9375,89.0625,92.1875
18,79.6875,89.0625,79.6875,87.5,92.1875,85.9375,89.0625,92.1875
19,79.6875,89.0625,79.6875,89.0625,92.1875,85.9375,89.0625,92.1875
20,79.6875,89.0625,79.6875,89.0625,92.1875,85.9375,89.0625,92.1875
21,79.6875,89.0625,81.25,89.0625,92.1875,85.9375,89.0625,92.1875
22,79.6875,89.0625,79.6875,89.0625,92.1875,85.9375,89.0625,92.1875
23,79.6875,89.0625,81.25,89.0625,92.1875,85.9375,89.0625,92.1875
24,79.6875,89.0625,81.25,89.0625,92.1875,85.9375,89.0625,92.1875
25,79.6875,89.0625,81.25,89.0625,92.1875,85.9375,89.0625,92.1875
26,79.6875,89.0625,81.25,89.0625,92.1875,85.9375,89.0625,92.1875
27,79.6875,89.0625,81.25,89.0625,92.1875,85.9375,89.0625,92.1875
28,79.6875,89.0625,81.25,89.0625,92.1875,85.9375,89.0625,92.1875
29,79.6875,89.0625,79.6875,89.0625,92.1875,85.9375,89.0625,92.1875
30,79.6875,89.0625,79.6875,89.0625,92.1875,85.9375,89.0625,92.1875
31,79.6875,89.0625,79.6875,89.0625,92.1875,85.9375,89.0625,92.1875
32,79.6875,89.0625,79.6875,89.0625,92.1875,85.9375,89.0625,92.1875
33,79.6875,89.0625,79.6875,89.0625,92.1875,85.9375,89.0625,92.1875
34,79.6875,89.0625,79.6875,89.0625,92.1875,85.9375,89.0625,92.1875
35,79.6875,89.0625,79.6875,89.0625,92.1875,85.9375,89.0625,92.1875
36,79.6875,89.0625,79.6875,89.0625,92.1875,85.9375,89.0625,92.1875
37,79.6875,89.0625,79.6875,89.0625,92.1875,85.9375,89.0625,92.1875
38,79.6875,89.0625,79.6875,89.0625,92.1875,85.9375,89.0625,92.1875
39,79.6875,89.0625,81.25,89.0625,92.1875,85.9375,89.0625,92.1875
40,79.6875,89.0625,81.25,89.0625,92.1875,85.9375,89.0625,92.1875
41,79.6875,89.0625,81.25,89.0625,92.1875,85.9375,89.0625,92.1875
42,79.6875,89.0625,81.25,89.0625,92.1875,85.9375,89.0625,92.1875
43,79.6875,89.0625,81.25,89.0625,92.1875,85.9375,89.0625,92.1875
44,79.6875,89.0625,81.25,89.0625,92.1875,85.9375,89.0625,92.1875
45,79.6875,89.0625,81.25,89.0625,92.1875,85.9375,89.0625,92.1875
46,79.6875,89.0625,81.25,89.0625,92.1875,85.9375,89.0625,92.1875
47,79.6875,89.0625,81.25,89.0625,92.1875,85.9375,89.0625,92.1875
48,79.6875,89.0625,82.8125,89.0625,92.1875,85.9375,89.0625,92.1875
49,79.6875,89.0625,81.25,89.0625,92.1875,85.9375,89.0625,92.1875
50,79.6875,89.0625,82.8125,89.0625,92.1875,85.9375,89.0625,92.1875
51,79.6875,89.0625,82.8125,89.0625,92.1875,85.9375,89.0625,92.1875
52,79.6875,89.0625,82.8125,89.0625,92.1875,85.9375,89.0625,92.1875
53,79.6875,89.0625,82.8125,89.0625,92.1875,85.9375,89.0625,92.1875
54,79.6875,89.0625,82.8125,89.0625,92.1875,85.9375,89.0625,92.1875
55,79.6875,89.0625,82.8125,89.0625,92.1875,85.9375,89.0625,92.1875
56,79.6875,89.0625,82.8125,89.0625,92.1875,85.9375,89.0625,92.1875
57,79.6875,89.0625,82.8125,89.0625,92.1875,85.9375,89.0625,92.1875
58,79.6875,89.0625,82.8125,89.0625,92.1875,85.9375,89.0625,92.1875
59,79.6875,89.0625,82.8125,89.0625,92.1875,85.9375,89.0625,92.1875
60,79.6875,89.0625,82.8125,89.0625,92.1875,85.9375,89.0625,92.1875
61,79.6875,89.0625,82.8125,89.0625,92.1875,85.9375,89.0625,92.1875
62,79.6875,89.0625,82.8125,89.0625,92.1875,85.9375,89.0625,92.1875
63,79.6875,89.0625,82.8125,89.0625,92.1875,85.9375,89.0625,92.1875
64,79.6875,89.0625,82.8125,89.0625,92.1875,85.9375,89.0625,92.1875
65,79.6875,89.0625,82.8125,89.0625,92.1875,85.9375,89.0625,92.1875
66,79.6875,89.0625,82.8125,89.0625,92.1875,85.9375,89.0625,92.1875
67,79.6875,89.0625,82.8125,89.0625,92.1875,85.9375,89.0625,92.1875
68,79.6875,89.0625,82.8125,89.0625,92.1875,85.9375,89.0625,92.1875
69,79.6875,89.0625,82.8125,89.0625,92.1875,85.9375,89.0625,92.1875
70,79.6875,89.0625,82.8125,89.0625,92.1875,85.9375,89.0625,92.1875
71,79.6875,89.0625,82.8125,89.0625,92.1875,85.9375,89.0625,92.1875
72,79.6875,89.0625,82.8125,89.0625,92.1875,85.9375,89.0625,92.1875
73,79.6875,89.0625,82.8125,89.0625,92.1875,85.9375,89.0625,92.1875
74,79.6875,89.0625,82.8125,89.0625,92.1875,85.9375,89.0625,92.1875
75,79.6875,89.0625,82.8125,89.0625,92.1875,85.9375,89.0625,92.1875
76,79.6875,89.0625,82.8125,89.0625,92.1875,85.9375,89.0625,92.1875
77,79.6875,89.0625,82.8125,89.0625,92.1875,85.9375,89.0625,92.1875
78,79.6875,89.0625,82.8125,89.0625,92.1875,85.9375,89.0625,92.1875
79,79.6875,89.0625,82.8125,89.0625,92.1875,85.9375,89.0625,92.1875
80,79.6875,89.0625,82.8125,89.0625,92.1875,85.9375,89.0625,92.1875
81,79.6875,89.0625,82.8125,89.0625,92.1875,85.9375,89.0625,92.1875
82,79.6875,89.0625,82.8125,89.0625,92.1875,85.9375,89.0625,92.1875
83,79.6875,89.0625,82.8125,89.0625,92.1875,85.9375,89.0625,92.1875
84,79.6875,89.0625,82.8125,89.0625,92.1875,85.9375,89.0625,92.1875
85,79.6875,89.0625,82.8125,89.0625,92.1875,85.9375,89.0625,92.1875
86,79.6875,89.0625,82.8125,89.0625,92.1875,85.9375,89.0625,92.1875
87,79.6875,89.0625,82.8125,89.0625,92.1875,85.9375,89.0625,92.1875
88,79.6875,89.0625,82.8125,89.0625,92.1875,85.9375,89.0625,92.1875
89,79.6875,89.0625,82.8125,89.0625,92.1875,85.9375,89.0625,92.1875
90,79.6875,89.0625,82.8125,89.0625,92.1875,85.9375,89.0625,92.1875
91,79.6875,89.0625,82.8125,89.0625,92.1875,85.9375,89.0625,92.1875
92,79.6875,89.0625,82.8125,89.0625,92.1875,85.9375,89.0625,92.1875
93,79.6875,89.0625,82.8125,89.0625,92.1875,85.9375,89.0625,92.1875
94,79.6875,89.0625,82.8125,89.0625,92.1875,85.9375,89.0625,92.1875
95,79.6875,89.0625,82.8125,89.0625,92.1875,85.9375,89.0625,92.1875
96,79.6875,89.0625,82.8125,89.0625,92.1875,85.9375,89.0625,92.1875
97,79.6875,89.0625,82.8125,89.0625,92.1875,85.9375,89.0625,92.1875
98,79.6875,89.0625,82.8125,89.0625,92.1875,85.9375,89.0625,92.1875
99,79.6875,89.0625,87.5,89.0625,92.1875,85.9375,89.0625,92.1875
100,79.6875,89.0625,87.5,89.0625,92.1875,85.9375,89.0625,92.1875
101,79.6875,89.0625,87.5,89.0625,92.1875,85.9375,89.0625,92.1875
102,79.6875,89.0625,87.5,89.0625,92.1875,85.9375,89.0625,92.1875
103,79.6875,89.0625,87.5,89.0625,92.1875,85.9375,89.0625,92.1875
104,79.6875,89.0625,87.5,89.0625,92.1875,85.9375,89.0625,92.1875
105,79.6875,89.0625,87.5,89.0625,92.1875,85.9375,89.0625,92.1875
106,79.6875,89.0625,87.5,89.0625,92.1875,85.9375,89.0625,92.1875
107,79.6875,89.0625,87.5,89.0625,92.1875,85.9375,89.0625,92.1875
108,79.6875,89.0625,87.5,89.0625,92.1875,85.9375,89.0625,92.1875
109,79.6875,89.0625,87.5,89.0625,92.1875,85.9375,89.0625,92.1875
110,79.6875,89.0625,87.5,89.0625,92.1875,85.9375,89.0625,92.1875
111,79.6875,89.0625,87.5,89.0625,92.1875,85.9375,89.0625,92.1875
112,79.6875,89.0625,87.5,89.0625,92.1875,85.9375,89.0625,92.1875
113,79.6875,89.0625,87.5,89.0625,92.1875,85.9375,89.0625,92.1875
114,79.6875,89.0625,87.5,89.0625,92.1875,85.9375,89.0625,92.1875
115,79.6875,89.0625,87.5,89.0625,92.1875,85.9375,89.0625,92.1875
116,79.6875,89.0625,87.5,89.0625,92.1875,85.9375,89.0625,92.1875
117,79.6875,89.0625,87.5,89.0625,92.1875,85.9375,89.0625,92.1875
118,79.6875,89.0625,87.5,89.0625,92.1875,85.9375,89.0625,92.1875
119,79.6875,89.0625,87.5,89.0625,92.1875,85.9375,89.0625,92.1875
120,79.6875,89.0625,87.5,89.0625,92.1875,85.9375,89.0625,92.1875
121,79.6875,89.0625,87.5,89.0625,92.1875,85.9375,89.0625,92.1875
122,79.6875,89.0625,87.5,89.0625,92.1875,85.9375,89.0625,92.1875
123,79.6875,89.0625,87.5,89.0625,92.1875,85.9375,89.0625,92.1875
124,79.6875,89.0625,87.5,89.0625,92.1875,85.9375,89.0625,92.1875
125,79.6875,89.0625,87.5,89.0625,92.1875,85.9375,89.0625,92.1875
126,79.6875,89.0625,87.5,89.0625,92.1875,85.9375,89.0625,92.1875
127,79.6875,89.0625,87.5,89.0625,92.1875,85.9375,89.0625,92.1875
128,79.6875,89.0625,87.5,89.0625,92.1875,85.9375,89.0625,92.1875
129,79.6875,89.0625,87.5,89.0625,92.1875,85.9375,89.0625,92.1875
130,79.6875,89.0625,87.5,89.0625,92.1875,85.9375,89.0625,92.1875
131,79.6875,89.0625,87.5,89.0625,92.1875,85.9375,89.0625,92.1875
132,79.6875,89.0625,87.5,89.0625,92.1875,85.9375,89.0625,92.1875
133,79.6875,89.0625,87.5,89.0625,92.1875,85.9375,89.0625,92.1875
134,79.6875,89.0625,87.5,89.0625,92.1875,85.9375,89.0625,92.1875
135,79.6875,89.0625,87.5,89.0625,92.1875,85.9375,89.0625,92.1875
136,79.6875,89.0625,87.5,89.0625,92.1875,85.9375,89.0625,92.1875
137,79.6875,89.0625,87.5,89.0625,92.1875,85.9375,89.0625,92.1875
138,79.6875,89.0625,87.5,89.0625,92.1875,85.9375,89.0625,92.1875
139,79.6875,89.0625,87.5,89.0625,92.1875,85.9375,89.0625,92.1875
140,79.6875,89.0625,87.5,89.0625,92.1875,85.9375,89.0625,92.1875
141,79.6875,89.0625,87.5,89.0625,92.1875,85.9375,89.0625,92.1875
142,79.6875,89.0625,87.5,89.0625,92.1875,85.9375,89.0625,92.1875
143,79.6875,89.0625,87.5,89.0625,92.1875,85.9375,89.0625,92.1875
144,79.6875,89.0625,87.5,89.0625,92.1875,85.9375,89.0625,92.1875
145,79.6875,89.0625,87.5,89.0625,92.1875,85.9375,89.0625,92.1875
146,79.6875,89.0625,87.5,89.0625,92.1875,85.9375,89.0625,92.1875
147,79.6875,89.0625,87.5,89.0625,92.1875,85.9375,89.0625,92.1875
148,79.6875,89.0625,87.5,89.0625,92.1875,85.9375,89.0625,92.1875
149,79.6875,89.0625,87.5,89.0625,92.1875,85.9375,89.0625,92.1875
150,79.6875,89.0625,87.5,89.0625,92.1875,85.9375,89.0625,92.1875
151,79.6875,89.0625,87.5,89.0625,92.1875,85.9375,89.0625,92.1875
152,79.6875,89.0625,87.5,89.0625,92.1875,85.9375,89.0625,92.1875
153,79.6875,89.0625,87.5,89.0625,92.1875,85.9375,89.0625,92.1875
154,79.6875,89.0625,87.5,89.0625,92.1875,85.9375,89.0625,92.1875
155,79.6875,89.0625,87.5,89.0625,92.1875,85.9375,89.0625,92.1875
156,79.6875,89.0625,87.5,89.0625,92.1875,85.9375,89.0625,92.1875
157,79.6875,89.0625,87.5,89.0625,92.1875,85.9375,89.0625,92.1875
158,79.6875,89.0625,87.5,89.0625,92.1875,85.9375,89.0625,92.1875
159,79.6875,89.0625,87.5,89.0625,92.1875,85.9375,89.0625,92.1875
160,79.6875,89.0625,87.5,89.0625,92.1875,85.9375,89.0625,92.1875
161,79.6875,89.0625,87.5,89.0625,92.1875,85.9375,89.0625,92.1875
162,79.6875,89.0625,87.5,89.0625,92.1875,85.9375,89.0625,92.1875
163,79.6875,89.0625,87.5,89.0625,92.1875,85.9375,89.0625,92.1875
164,79.6875,89.0625,87.5,89.0625,92.1875,85.9375,89.0625,92.1875
165,79.6875,89.0625,87.5,89.0625,92.1875,85.9375,89.0625,92.1875
166,79.6875,89.0625,87.5,89.0625,92.1875,85.9375,89.0625,92.1875
167,79.6875,89.0625,87.5,89.0625,92.1875,85.9375,89.0625,92.1875
168,79.6875,89.0625,87.5,89.0625,92.1875,85.9375,89.0625,92.1875
169,79.6875,89.0625,87.5,89.0625,92.1875,85.9375,89.0625,92.1875
170,79.6875,89.0625,87.5,89.0625,92.1875,85.9375,89.0625,92.1875
171,79.6875,89.0625,87.5,89.0625,92.1875,85.9375,89.0625,92.1875
172,79.6875,89.0625,87.5,89.0625,92.1875,85.9375,89.0625,92.1875
173,79.6875,89.0625,87.5,89.0625,92.1875,85.9375,89.0625,92.1875
174,79.6875,89.0625,87.5,89.0625,92.1875,85.9375,89.0625,92.1875
175,79.6875,89.0625,87.5,89.0625,92.1875,85.9375,89.0625,92.1875
176,79.6875,89.0625,87.5,89.0625,92.1875,85.9375,89.0625,92.1875
177,79.6875,89.0625,87.5,89.0625,92.1875,85.9375,89.0625,92.1875
178,79.6875,89.0625,87.5,89.0625,92.1875,85.9375,89.0625,92.1875
179,79.6875,89.0625,87.5,89.0625,92.1875,85.9375,89.0625,92.1875
180,79.6875,89.0625,87.5,89.0625,92.1875,85.9375,89.0625,92.1875
181,79.6875,89.0625,87.5,89.0625,92.1875,85.9375,89.0625,92.1875
182,79.6875,89.0625,87.5,89.0625,92.1875,85.9375,89.0625,92.1875
183,79.6875,89.0625,87.5,89.0625,92.1875,85.9375,89.0625,92.1875
184,79.6875,89.0625,87.5,89.0625,92.1875,85.9375,89.0625,92.1875
185,79.6875,89.0625,87.5,89.0625,92.1875,85.9375,89.0625,92.1875
186,79.6875,89.0625,87.5,89.0625,92.1875,85.9375,89.0625,92.1875
187,79.6875,89.0625,87.5,89.0625,92.1875,85.9375,89.0625,92.1875
188,79.6875,89.0625,87.5,89.0625,92.1875,85.9375,89.0625,92.1875
189,79.6875,89.0625,87.5,89.0625,92.1875,85.9375,89.0625,92.1875
190,79.6875,89.0625,87.5,89.0625,92.1875,85.9375,89.0625,92.1875
191,79.6875,89.0625,87.5,89.0625,92.1875,85.9375,89.0625,92.1875
192,79.6875,89.0625,87.5,89.0625,92.1875,85.9375,89.0625,92.1875
193,79.6875,89.0625,87.5,89.0625,92.1875,85.9375,89.0625,92.1875
194,79.6875,89.0625,87.5,89.0625,92.1875,85.9375,89.0625,92.1875
195,79.6875,89.0625,87.5,89.0625,92.1875,85.9375,89.0625,92.1875
196,79.6875,89.0625,87.5,89.0625,92.1875,85.9375,89.0625,92.1875
197,79.6875,89.0625,87.5,89.0625,92.1875,85.9375,89.0625,92.1875
198,79.6875,89.0625,87.5,89.0625,92.1875,85.9375,89.0625,92.1875
199,81.25,89.0625,87.5,89.0625,92.1875,85.9375,89.0625,93.75
200,81.25,89.0625,87.5,89.0625,92.1875,85.9375,89.0625,93.75
201,81.25,89.0625,87.5,89.0625,92.1875,85.9375,89.0625,93.75
202,81.25,89.0625,87.5,89.0625,92.1875,85.9375,89.0625,93.75
203,81.25,89.0625,87.5,89.0625,92.1875,85.9375,89.0625,93.75
204,81.25,89.0625,87.5,89.0625,92.1875,85.9375,89.0625,93.75
205,81.25,89.0625,87.5,89.0625,92.1875,85.9375,89.0625,93.75
206,81.25,89.0625,87.5,89.0625,92.1875,85.9375,89.0625,93.75
207,81.25,89.0625,87.5,89.0625,92.1875,85.9375,89.0625,93.75
208,81.25,89.0625,87.5,89.0625,92.1875,85.9375,89.0625,93.75
209,81.25,89.0625,87.5,89.0625,92.1875,85.9375,89.0625,93.75
210,81.25,89.0625,87.5,89.0625,92.1875,85.9375,89.0625,93.75
211,81.25,89.0625,87.5,89.0625,92.1875,85.9375,89.0625,93.75
212,81.25,89.0625,87.5,89.0625,92.1875,85.9375,89.0625,93.75
213,81.25,89.0625,87.5,89.0625,92.1875,85.9375,89.0625,93.75
214,81.25,89.0625,89.0625,89.0625,92.1875,85.9375,89.0625,93.75
215,81.25,89.0625,89.0625,89.0625,92.1875,85.9375,89.0625,93.75
216,81.25,89.0625,89.0625,89.0625,92.1875,85.9375,89.0625,93.75
217,81.25,89.0625,89.0625,89.0625,92.1875,85.9375,89.0625,93.75
218,81.25,89.0625,89.0625,89.0625,92.1875,85.9375,89.0625,93.75
219,81.25,89.0625,89.0625,89.0625,92.1875,85.9375,89.0625,93.75
220,81.25,89.0625,89.0625,89.0625,92.1875,85.9375,89.0625,93.75
221,81.25,89.0625,89.0625,89.0625,92.1875,85.9375,89.0625,93.75
222,81.25,89.0625,89.0625,89.0625,92.1875,85.9375,89.0625,93.75
223,81.25,89.0625,89.0625,89.0625,92.1875,85.9375,89.0625,93.75
224,81.25,89.0625,89.0625,89.0625,92.1875,85.9375,89.0625,93.75
225,81.25,89.0625,89.0625,89.0625,92.1875,85.9375,89.0625,93.75
226,81.25,89.0625,89.0625,89.0625,92.1875,85.9375,89.0625,93.75
227,81.25,89.0625,89.0625,89.0625,92.1875,85.9375,89.0625,93.75
228,81.25,89.0625,89.0625,89.0625,92.1875,85.9375,89.0625,93.75
229,81.25,89.0625,89.0625,89.0625,92.1875,85.9375,89.0625,93.75
230,81.25,89.0625,89.0625,89.0625,92.1875,85.9375,89.0625,93.75
231,81.25,89.0625,89.0625,89.0625,92.1875,85.9375,89.0625,93.75
232,81.25,89.0625,89.0625,89.0625,92.1875,85.9375,89.0625,93.75
233,81.25,89.0625,89.0625,89.0625,92.1875,85.9375,89.0625,93.75
234,81.25,89.0625,89.0625,89.0625,92.1875,85.9375,89.0625,93.75
235,81.25,89.0625,89.0625,89.0625,92.1875,85.9375,89.0625,93.75
236,81.25,89.0625,89.0625,89.0625,92.1875,85.9375,89.0625,93.75
237,81.25,89.0625,89.0625,89.0625,92.1875,85.9375,89.0625,93.75
238,81.25,89.0625,89.0625,89.0625,92.1875,85.9375,89.0625,93.75
239,81.25,89.0625,89.0625,89.0625,92.1875,85.9375,89.0625,93.75
240,81.25,89.0625,89.0625,89.0625,92.1875,85.9375,89.0625,93.75
241,81.25,89.0625,89.0625,89.0625,92.1875,85.9375,89.0625,93.75
242,81.25,89.0625,89.0625,89.0625,92.1875,85.9375,89.0625,93.75
243,81.25,89.0625,89.0625,89.0625,92.1875,85.9375,89.0625,93.75
244,81.25,89.0625,89.0625,89.0625,92.1875,85.9375,89.0625,93.75
245,81.25,89.0625,89.0625,89.0625,92.1875,85.9375,89.0625,93.75
246,81.25,89.0625,89.0625,89.0625,92.1875,85.9375,89.0625,93.75
247,81.25,89.0625,89.0625,89.0625,92.1875,85.9375,89.0625,93.75
248,81.25,89.0625,89.0625,89.0625,92.1875,85.9375,89.0625,93.75
249,81.25,89.0625,89.0625,89.0625,92.1875,85.9375,89.0625,93.75
250,81.25,89.0625,89.0625,89.0625,92.1875,85.9375,89.0625,93.75
251,81.25,89.0625,89.0625,89.0625,92.1875,85.9375,89.0625,93.75
252,81.25,89.0625,89.0625,89.0625,92.1875,85.9375,89.0625,93.75
253,81.25,89.0625,89.0625,89.0625,92.1875,85.9375,89.0625,93.75
254,81.25,89.0625,89.0625,89.0625,92.1875,85.9375,89.0625,93.75
255,81.25,89.0625,89.0625,89.0625,92.1875,85.9375,89.0625,93.75
256,81.25,89.0625,89.0625,89.0625,92.1875,85.9375,89.0625,93.75
257,81.25,89.0625,89.0625,89.0625,92.1875,85.9375,89.0625,93.75
258,81.25,89.0625,89.0625,89.0625,92.1875,85.9375,89.0625,93.75
259,81.25,89.0625,89.0625,89.0625,92.1875,85.9375,89.0625,93.75
260,81.25,89.0625,89.0625,89.0625,92.1875,85.9375,89.0625,93.75
261,81.25,89.0625,89.0625,89.0625,92.1875,85.9375,89.0625,93.75
262,81.25,89.0625,89.0625,89.0625,92.1875,85.9375,89.0625,93.75
263,81.25,89.0625,89.0625,89.0625,92.1875,85.9375,89.0625,93.75
264,81.25,89.0625,89.0625,89.0625,92.1875,85.9375,89.0625,93.75
265,81.25,89.0625,89.0625,89.0625,92.1875,85.9375,89.0625,93.75
266,81.25,89.0625,89.0625,89.0625,92.1875,85.9375,89.0625,93.75
267,81.25,89.0625,89.0625,89.0625,92.1875,85.9375,89.0625,93.75
268,81.25,89.0625,89.0625,89.0625,92.1875,85.9375,89.0625,93.75
269,81.25,89.0625,89.0625,89.0625,92.1875,85.9375,89.0625,93.75
270,81.25,89.0625,89.0625,89.0625,92.1875,85.9375,89.0625,93.75
271,81.25,89.0625,89.0625,89.0625,92.1875,85.9375,89.0625,93.75
272,81.25,89.0625,89.0625,89.0625,92.1875,85.9375,89.0625,93.75
273,81.25,89.0625,89.0625,89.0625,92.1875,85.9375,89.0625,93.75
274,81.25,89.0625,89.0625,89.0625,92.1875,85.9375,89.0625,93.75
275,81.25,89.0625,89.0625,89.0625,92.1875,85.9375,89.0625,93.75
276,81.25,89.0625,89.0625,89.0625,92.1875,85.9375,89.0625,93.75
277,81.25,89.0625,89.0625,89.0625,92.1875,85.9375,89.0625,93.75
278,81.25,89.0625,89.0625,89.0625,92.1875,85.9375,89.0625,93.75
279,81.25,89.0625,89.0625,89.0625,92.1875,85.9375,89.0625,93.75
280,81.25,89.0625,89.0625,89.0625,92.1875,85.9375,89.0625,93.75
281,81.25,89.0625,89.0625,89.0625,92.1875,85.9375,89.0625,93.75
282,81.25,89.0625,89.0625,89.0625,92.1875,85.9375,89.0625,93.75
283,81.25,89.0625,89.0625,89.0625,92.1875,85.9375,89.0625,93.75
284,81.25,89.0625,89.0625,89.0625,92.1875,85.9375,89.0625,93.75
285,81.25,89.0625,89.0625,89.0625,92.1875,85.9375,89.0625,93.75
286,81.25,89.0625,89.0625,89.0625,92.1875,85.9375,89.0625,93.75
287,81.25,89.0625,89.0625,89.0625,92.1875,85.9375,89.0625,93.75
288,81.25,89.0625,89.0625,89.0625,92.1875,85.9375,89.0625,93.75
289,81.25,89.0625,89.0625,89.0625,92.1875,85.9375,89.0625,93.75
290,81.25,89.0625,89.0625,89.0625,92.1875,85.9375,89.0625,93.75
291,81.25,89.0625,89.0625,89.0625,92.1875,85.9375,89.0625,93.75
292,81.25,89.0625,89.0625,89.0625,92.1875,85.9375,89.0625,93.75
293,81.25,89.0625,89.0625,89.0625,92.1875,85.9375,89.0625,93.75
294,81.25,89.0625,89.0625,89.0625,92.1875,85.9375,89.0625,93.75
295,81.25,89.0625,89.0625,89.0625,92.1875,85.9375,89.0625,93.75
296,81.25,89.0625,89.0625,89.0625,92.1875,85.9375,89.0625,93.75
297,81.25,89.0625,89.0625,89.0625,92.1875,85.9375,89.0625,93.75
298,81.25,89.0625,89.0625,89.0625,92.1875,85.9375,89.0625,93.75
299,81.25,89.0625,89.0625,89.0625,92.1875,85.9375,89.0625,93.75
